Prob,State Index,Pk,Vector
0.0272934040940106,0,0,[4 5 5 4 5 5 5]
0.0246398786959818,1,0,[4 5 5 4 5 4 5]
0.0197119029567854,2,0,[4 5 5 4 5 5 6]
0.013267626990144,3,0,[4 5 5 4 5 4 4]
0.0121304018195603,4,0,[4 5 5 4 5 4 6]
0.0113722517058378,5,0,[4 5 5 4 5 5 4]
0.010235026535254,6,0,[4 5 5 4 6 5 6]
0.010235026535254,7,0,[5 5 5 4 5 4 5]
0.0090978013646702,8,0,[5 5 5 4 5 5 5]
0.0087187263078089,9,9,[5 3 5 7 5 5 5]
0.0068233510235027,10,0,[4 4 5 4 5 4 5]
0.0068233510235027,11,0,[4 5 5 4 5 6 6]
0.0060652009097801,12,0,[5 5 5 4 5 5 4]
0.0060652009097801,13,0,[4 5 5 4 5 6 5]
0.0056861258529189,14,0,[5 5 5 4 5 4 4]
0.0053070507960576,15,15,[7 5 5 4 4 5 5]
0.0053070507960576,16,0,[4 5 5 4 4 4 5]
0.0053070507960576,17,9,[5 3 5 7 5 5 6]
0.0053070507960576,18,0,[4 5 5 4 6 5 5]
0.0053070507960576,19,9,[5 3 5 7 5 5 4]
0.0049279757391964,20,20,[4 4 5 4 5 3 4]
0.0049279757391964,21,21,[7 5 5 5 5 5 5]
0.0049279757391964,22,0,[4 5 5 4 5 5 7]
0.0049279757391964,23,15,[7 5 5 4 4 5 6]
0.0049279757391964,24,0,[5 5 5 4 5 5 6]
0.0045489006823351,25,0,[4 5 5 4 6 6 6]
0.0045489006823351,26,0,[5 5 5 4 6 5 5]
0.0045489006823351,27,0,[4 5 5 4 4 5 5]
0.0045489006823351,28,0,[4 4 5 4 5 4 4]
0.0045489006823351,29,0,[4 5 5 4 5 3 5]
0.0045489006823351,30,0,[4 5 5 4 5 6 7]
0.0045489006823351,31,0,[4 4 5 4 5 4 6]
0.0041698256254738,32,0,[4 5 5 4 4 4 4]
0.0041698256254738,33,0,[5 5 5 4 5 6 5]
0.0037907505686126,34,0,[5 4 5 4 5 4 4]
0.0037907505686126,35,0,[4 5 5 4 6 5 7]
0.0037907505686126,36,0,[5 5 5 4 6 6 6]
0.0037907505686126,37,0,[4 5 5 4 4 5 4]
0.0037907505686126,38,0,[4 5 5 4 5 4 7]
0.0034116755117513,39,0,[4 5 5 4 5 6 4]
0.0034116755117513,40,0,[4 4 5 4 4 4 5]
0.0034116755117513,41,0,[5 5 5 4 6 5 6]
0.0034116755117513,42,0,[4 5 5 4 6 4 6]
0.0034116755117513,43,43,[4 6 5 5 5 8 4]
0.0034116755117513,44,0,[5 5 5 4 6 6 5]
0.0034116755117513,45,15,[7 5 5 4 4 4 5]
0.0034116755117513,46,0,[4 4 5 4 5 5 5]
0.0030326004548901,47,15,[7 5 5 4 5 5 5]
0.0030326004548901,48,48,[6 5 5 5 8 5 5]
0.0030326004548901,49,49,[4 8 5 7 5 4 6]
0.0030326004548901,50,15,[7 5 5 5 4 5 5]
0.0030326004548901,51,0,[4 5 5 4 4 6 4]
0.0030326004548901,52,43,[4 6 5 5 5 8 5]
0.0030326004548901,53,0,[4 5 5 4 4 5 6]
0.0026535253980288,54,9,[5 3 5 7 5 4 5]
0.0026535253980288,55,9,[5 3 5 7 5 4 4]
0.0026535253980288,56,43,[4 6 5 5 5 7 4]
0.0026535253980288,57,0,[5 5 5 4 4 5 5]
0.0026535253980288,58,58,[7 5 5 5 3 5 4]
0.0026535253980288,59,43,[4 6 5 5 5 7 5]
0.0026535253980288,60,0,[4 5 5 4 5 3 4]
0.0026535253980288,61,15,[7 5 5 5 4 6 5]
0.0026535253980288,62,15,[7 5 5 4 4 4 4]
0.0022744503411676,63,15,[7 5 5 4 5 4 4]
0.0022744503411676,64,15,[7 5 5 4 4 5 4]
0.0022744503411676,65,0,[4 5 5 4 4 6 6]
0.0022744503411676,66,0,[4 4 5 4 4 3 5]
0.0022744503411676,67,15,[7 5 5 5 3 5 5]
0.0022744503411676,68,9,[5 3 5 7 6 5 5]
0.0022744503411676,69,9,[5 3 5 6 5 4 4]
0.0022744503411676,70,15,[7 5 5 4 5 5 6]
0.0022744503411676,71,0,[4 5 5 4 5 7 4]
0.0022744503411676,72,0,[4 4 5 4 4 4 4]
0.0022744503411676,73,0,[4 5 5 4 6 6 7]
0.0022744503411676,74,74,[4 5 5 4 6 4 5]
0.0022744503411676,75,0,[5 5 5 4 5 6 4]
0.0022744503411676,76,15,[7 5 5 5 4 5 6]
0.0022744503411676,77,0,[4 4 5 4 5 3 5]
0.0022744503411676,78,0,[5 5 5 4 6 5 4]
0.0022744503411676,79,79,[5 4 5 4 5 4 5]
0.0018953752843063,80,80,[7 5 5 5 7 5 4]
0.0018953752843063,81,81,[7 5 5 5 9 5 4]
0.0018953752843063,82,82,[5 3 4 8 5 5 5]
0.0018953752843063,83,15,[7 5 4 5 4 5 5]
0.0018953752843063,84,84,[4 6 5 5 5 6 3]
0.0018953752843063,85,9,[5 3 5 8 5 5 6]
0.0018953752843063,86,9,[5 3 5 7 4 5 5]
0.0018953752843063,87,0,[4 5 5 4 4 4 6]
0.0018953752843063,88,9,[5 3 5 7 5 6 5]
0.0018953752843063,89,21,[7 5 5 5 6 5 5]
0.0018953752843063,90,0,[4 5 5 4 6 6 5]
0.0018953752843063,91,20,[5 4 5 4 5 3 4]
0.0018953752843063,92,15,[7 5 5 5 3 5 6]
0.0018953752843063,93,43,[4 6 5 5 5 6 4]
0.0018953752843063,94,15,[7 5 4 4 4 4 5]
0.0018953752843063,95,95,[7 5 5 5 5 6 6]
0.0018953752843063,96,43,[4 6 5 5 5 8 3]
0.0018953752843063,97,0,[5 5 5 4 6 4 6]
0.0018953752843063,98,9,[5 3 5 7 5 6 4]
0.0018953752843063,99,48,[6 5 5 5 8 5 4]
0.0018953752843063,100,100,[4 5 5 4 5 7 6]
0.0018953752843063,101,101,[4 7 5 6 5 6 4]
0.0018953752843063,102,48,[6 5 5 5 8 4 4]
0.0018953752843063,103,0,[4 4 5 4 4 5 5]
0.001516300227445,104,104,[4 3 5 7 5 5 7]
0.001516300227445,105,0,[5 5 5 4 5 7 5]
0.001516300227445,106,15,[7 5 5 5 4 4 5]
0.001516300227445,107,0,[5 5 5 4 6 4 4]
0.001516300227445,108,0,[4 5 5 5 5 4 5]
0.001516300227445,109,15,[7 5 4 4 4 5 5]
0.001516300227445,110,0,[4 5 5 5 5 6 4]
0.001516300227445,111,80,[7 5 5 5 6 5 4]
0.001516300227445,112,15,[7 5 5 4 3 5 6]
0.001516300227445,113,113,[7 5 5 4 4 6 6]
0.001516300227445,114,114,[7 5 5 4 5 5 4]
0.001516300227445,115,20,[4 4 5 4 4 3 4]
0.001516300227445,116,9,[5 3 4 7 5 5 6]
0.001516300227445,117,21,[7 5 5 5 5 5 4]
0.001516300227445,118,9,[4 3 5 7 5 5 5]
0.001516300227445,119,0,[4 5 5 4 6 5 4]
0.001516300227445,120,0,[4 5 5 5 5 6 5]
0.001516300227445,121,121,[4 5 5 4 5 6 3]
0.001516300227445,122,0,[4 5 5 4 6 7 6]
0.001516300227445,123,0,[5 5 5 4 6 5 7]
0.001516300227445,124,9,[5 3 5 8 5 6 6]
0.001516300227445,125,80,[7 5 5 5 7 5 3]
0.001516300227445,126,0,[5 5 5 4 5 3 5]
0.001516300227445,127,0,[4 4 5 4 5 5 4]
0.001516300227445,128,0,[4 5 5 5 6 6 6]
0.001516300227445,129,9,[5 3 5 7 6 5 4]
0.001516300227445,130,0,[5 5 5 4 5 5 3]
0.001516300227445,131,131,[4 9 5 7 5 3 6]
0.001516300227445,132,82,[5 3 4 8 5 5 6]
0.001516300227445,133,21,[7 5 5 5 5 6 5]
0.001516300227445,134,134,[7 5 5 5 3 6 7]
0.001516300227445,135,21,[6 5 5 5 6 5 5]
0.001516300227445,136,136,[5 3 4 8 6 6 6]
0.001516300227445,137,137,[5 4 5 4 6 4 5]
0.0011372251705838,138,0,[5 4 5 4 5 4 3]
0.0011372251705838,139,0,[4 4 5 4 5 4 3]
0.0011372251705838,140,21,[7 5 5 5 5 5 6]
0.0011372251705838,141,0,[5 5 5 5 5 5 5]
0.0011372251705838,142,0,[5 5 5 5 5 6 5]
0.0011372251705838,143,9,[5 3 4 7 5 4 5]
0.0011372251705838,144,15,[7 5 5 4 3 5 5]
0.0011372251705838,145,9,[5 3 4 7 5 6 5]
0.0011372251705838,146,15,[7 5 5 5 4 6 6]
0.0011372251705838,147,43,[4 6 5 5 5 9 4]
0.0011372251705838,148,48,[6 5 5 5 9 4 4]
0.0011372251705838,149,15,[7 5 5 5 3 6 6]
0.0011372251705838,150,43,[4 6 5 5 4 8 5]
0.0011372251705838,151,151,[7 5 4 5 6 4 5]
0.0011372251705838,152,43,[4 6 5 5 5 7 3]
0.0011372251705838,153,0,[5 5 5 4 4 4 5]
0.0011372251705838,154,0,[5 5 5 5 5 5 6]
0.0011372251705838,155,155,[6 5 5 4 3 4 6]
0.0011372251705838,156,0,[4 5 5 4 4 3 4]
0.0011372251705838,157,48,[6 5 5 5 8 5 3]
0.0011372251705838,158,80,[7 5 5 5 6 4 4]
0.0011372251705838,159,9,[5 3 4 7 5 5 5]
0.0011372251705838,160,160,[4 8 5 7 5 3 7]
0.0011372251705838,161,161,[4 6 5 5 5 6 5]
0.0011372251705838,162,0,[4 5 5 4 6 5 8]
0.0011372251705838,163,43,[5 6 5 5 5 8 3]
0.0011372251705838,164,9,[5 3 4 7 5 4 6]
0.0011372251705838,165,43,[4 6 5 5 6 8 4]
0.0011372251705838,166,9,[5 3 5 7 5 6 6]
0.0011372251705838,167,15,[7 5 5 5 4 5 4]
0.0011372251705838,168,168,[6 5 5 5 7 4 5]
0.0011372251705838,169,0,[5 5 5 4 6 6 7]
0.0011372251705838,170,80,[7 5 5 6 7 5 4]
0.0011372251705838,171,0,[4 5 5 4 6 6 8]
0.0011372251705838,172,0,[5 5 5 4 4 4 4]
0.0011372251705838,173,0,[5 5 5 5 5 6 6]
0.0011372251705838,174,80,[7 5 5 5 6 6 4]
0.0011372251705838,175,43,[4 6 5 4 5 7 4]
0.0011372251705838,176,9,[5 4 5 7 5 6 5]
0.0011372251705838,177,48,[6 5 5 5 9 5 5]
0.0011372251705838,178,21,[7 5 4 5 5 5 5]
0.0011372251705838,179,48,[6 5 5 6 8 4 4]
0.0011372251705838,180,0,[4 4 5 4 4 4 3]
0.0011372251705838,181,43,[5 6 5 5 5 6 4]
0.0011372251705838,182,182,[7 5 4 4 6 5 4]
0.0011372251705838,183,183,[4 7 5 6 6 6 3]
0.0011372251705838,184,15,[7 5 5 4 4 5 7]
0.0011372251705838,185,21,[7 5 4 5 5 5 4]
0.0011372251705838,186,15,[7 5 5 4 3 4 5]
0.0011372251705838,187,187,[6 5 5 5 7 5 4]
0.0011372251705838,188,15,[7 5 5 4 4 4 6]
0.0011372251705838,189,15,[7 5 5 4 3 4 4]
0.0011372251705838,190,0,[4 5 5 4 5 7 5]
0.0011372251705838,191,80,[6 5 5 5 6 4 4]
0.0011372251705838,192,192,[4 8 5 6 4 4 4]
0.0011372251705838,193,21,[7 5 5 5 6 6 5]
0.0011372251705838,194,9,[5 3 5 6 5 4 5]
0.0011372251705838,195,195,[4 7 5 6 5 7 2]
0.0011372251705838,196,9,[5 3 5 7 4 5 4]
0.0011372251705838,197,58,[6 5 5 5 3 5 4]
0.0011372251705838,198,9,[5 3 5 8 5 5 5]
0.0011372251705838,199,43,[4 6 5 5 4 7 5]
0.0011372251705838,200,0,[4 5 5 5 5 5 4]
0.0011372251705838,201,43,[4 6 5 5 4 7 4]
0.0011372251705838,202,101,[4 7 5 6 5 7 4]
0.0011372251705838,203,0,[5 5 5 5 6 6 7]
0.0011372251705838,204,15,[8 5 5 5 4 6 6]
0.0011372251705838,205,15,[7 5 5 4 3 6 6]
0.0011372251705838,206,206,[5 5 5 4 6 4 5]
0.0011372251705838,207,207,[4 5 5 4 4 6 5]
0.0011372251705838,208,0,[4 5 5 5 5 6 7]
0.0011372251705838,209,48,[7 5 5 5 8 4 4]
0.0011372251705838,210,43,[4 6 5 4 5 7 5]
0.0011372251705838,211,0,[5 5 5 4 5 4 6]
0.0011372251705838,212,9,[5 3 5 7 6 5 6]
0.0007581501137225,213,0,[5 4 5 4 5 5 4]
0.0007581501137225,214,21,[7 6 5 5 5 5 5]
0.0007581501137225,215,20,[5 4 5 4 5 3 3]
0.0007581501137225,216,0,[4 5 5 4 6 6 9]
0.0007581501137225,217,21,[8 5 5 5 5 5 6]
0.0007581501137225,218,48,[6 5 5 5 8 5 6]
0.0007581501137225,219,48,[6 5 5 5 8 4 3]
0.0007581501137225,220,0,[5 5 5 4 7 5 7]
0.0007581501137225,221,131,[4 9 5 7 4 3 6]
0.0007581501137225,222,222,[5 3 4 8 6 5 7]
0.0007581501137225,223,15,[6 5 5 5 3 5 5]
0.0007581501137225,224,224,[4 9 5 8 5 2 5]
0.0007581501137225,225,225,[5 4 5 7 1 5 2]
0.0007581501137225,226,226,[5 5 5 5 6 7 5]
0.0007581501137225,227,48,[7 5 4 5 8 4 4]
0.0007581501137225,228,80,[7 5 5 5 8 5 3]
0.0007581501137225,229,43,[4 7 5 5 5 7 4]
0.0007581501137225,230,9,[4 3 5 7 5 5 4]
0.0007581501137225,231,9,[4 3 5 7 4 5 5]
0.0007581501137225,232,0,[5 4 5 4 6 4 4]
0.0007581501137225,233,15,[7 5 5 4 3 6 5]
0.0007581501137225,234,9,[5 3 5 6 5 5 6]
0.0007581501137225,235,0,[5 5 6 4 5 5 5]
0.0007581501137225,236,15,[7 5 4 4 3 5 5]
0.0007581501137225,237,237,[5 4 5 6 5 5 4]
0.0007581501137225,238,238,[4 5 5 4 4 5 3]
0.0007581501137225,239,82,[5 2 4 8 5 5 5]
0.0007581501137225,240,240,[4 4 5 6 5 5 5]
0.0007581501137225,241,15,[7 5 5 4 5 6 6]
0.0007581501137225,242,242,[4 3 5 7 5 4 6]
0.0007581501137225,243,161,[4 6 5 6 5 6 5]
0.0007581501137225,244,80,[7 5 4 5 6 6 4]
0.0007581501137225,245,15,[6 5 5 4 3 5 6]
0.0007581501137225,246,84,[4 6 5 5 5 5 3]
0.0007581501137225,247,0,[5 5 5 5 5 4 5]
0.0007581501137225,248,48,[7 5 5 5 8 4 3]
0.0007581501137225,249,249,[3 6 5 6 4 9 5]
0.0007581501137225,250,9,[5 3 4 8 5 6 6]
0.0007581501137225,251,49,[4 8 5 7 5 4 5]
0.0007581501137225,252,9,[4 3 5 6 5 5 5]
0.0007581501137225,253,0,[4 5 5 5 5 5 6]
0.0007581501137225,254,48,[6 5 5 5 8 4 5]
0.0007581501137225,255,255,[5 4 4 7 5 6 5]
0.0007581501137225,256,256,[5 3 5 8 6 6 5]
0.0007581501137225,257,15,[8 5 5 5 4 4 5]
0.0007581501137225,258,258,[4 7 5 6 5 4 5]
0.0007581501137225,259,0,[5 5 5 4 5 3 4]
0.0007581501137225,260,0,[4 5 5 4 5 6 8]
0.0007581501137225,261,95,[7 5 5 6 5 6 6]
0.0007581501137225,262,9,[5 3 5 6 4 4 4]
0.0007581501137225,263,43,[5 6 5 5 5 8 4]
0.0007581501137225,264,264,[5 8 5 7 5 3 6]
0.0007581501137225,265,9,[5 3 5 6 5 5 5]
0.0007581501137225,266,15,[8 5 5 5 4 5 5]
0.0007581501137225,267,48,[6 5 5 5 7 5 5]
0.0007581501137225,268,268,[7 5 9 7 4 5 4]
0.0007581501137225,269,0,[5 4 5 4 4 4 4]
0.0007581501137225,270,0,[4 5 5 4 5 3 3]
0.0007581501137225,271,15,[7 5 4 4 3 4 5]
0.0007581501137225,272,0,[4 4 5 4 5 3 6]
0.0007581501137225,273,43,[5 6 5 5 5 7 5]
0.0007581501137225,274,0,[4 4 5 4 5 5 6]
0.0007581501137225,275,48,[6 5 5 6 9 4 4]
0.0007581501137225,276,276,[4 6 5 5 4 6 6]
0.0007581501137225,277,95,[7 5 5 5 5 6 7]
0.0007581501137225,278,15,[7 5 4 4 4 5 6]
0.0007581501137225,279,279,[8 6 5 5 3 6 7]
0.0007581501137225,280,15,[7 5 5 4 6 4 4]
0.0007581501137225,281,237,[5 4 5 6 5 5 3]
0.0007581501137225,282,224,[4 9 5 8 5 3 5]
0.0007581501137225,283,0,[3 4 5 4 4 4 5]
0.0007581501137225,284,0,[5 4 5 4 5 5 5]
0.0007581501137225,285,15,[7 5 4 5 4 4 5]
0.0007581501137225,286,286,[6 5 5 6 2 5 4]
0.0007581501137225,287,15,[8 5 5 5 4 6 7]
0.0007581501137225,288,288,[5 7 5 6 5 6 2]
0.0007581501137225,289,289,[5 7 5 6 5 4 6]
0.0007581501137225,290,0,[4 5 5 4 6 7 4]
0.0007581501137225,291,291,[4 7 5 6 4 5 4]
0.0007581501137225,292,0,[4 5 5 4 5 7 7]
0.0007581501137225,293,0,[5 5 5 4 5 5 7]
0.0007581501137225,294,294,[4 8 5 7 6 7 4]
0.0007581501137225,295,295,[4 5 5 5 4 4 4]
0.0007581501137225,296,21,[7 5 5 5 6 4 5]
0.0007581501137225,297,0,[4 5 5 4 6 4 4]
0.0007581501137225,298,101,[4 7 5 6 5 6 3]
0.0007581501137225,299,9,[5 3 5 6 6 4 5]
0.0007581501137225,300,48,[7 5 5 5 8 5 5]
0.0007581501137225,301,43,[4 5 5 5 5 7 5]
0.0007581501137225,302,0,[5 5 5 4 5 6 7]
0.0007581501137225,303,303,[7 5 5 4 2 4 6]
0.0007581501137225,304,48,[6 5 5 6 8 4 5]
0.0007581501137225,305,288,[5 7 5 6 5 6 3]
0.0007581501137225,306,0,[4 5 5 5 4 4 6]
0.0007581501137225,307,43,[5 6 5 5 5 7 4]
0.0007581501137225,308,0,[5 5 5 4 5 4 7]
0.0007581501137225,309,15,[7 5 4 4 5 5 5]
0.0007581501137225,310,0,[5 5 5 5 6 7 7]
0.0007581501137225,311,80,[7 5 5 5 8 5 4]
0.0007581501137225,312,9,[5 3 5 8 5 6 7]
0.0007581501137225,313,20,[4 4 5 4 4 3 3]
0.0007581501137225,314,80,[7 5 4 5 6 5 4]
0.0007581501137225,315,134,[7 5 5 5 4 6 7]
0.0007581501137225,316,316,[4 9 5 7 5 4 7]
0.0007581501137225,317,15,[7 5 5 4 3 5 7]
0.0007581501137225,318,9,[5 4 5 6 5 4 4]
0.0007581501137225,319,48,[6 5 5 6 8 5 4]
0.0007581501137225,320,320,[8 5 5 4 4 6 6]
0.0007581501137225,321,321,[4 3 5 8 4 6 5]
0.0007581501137225,322,0,[5 5 5 5 5 7 5]
0.0007581501137225,323,323,[5 8 5 7 5 4 4]
0.0007581501137225,324,43,[4 6 5 5 6 9 4]
0.0007581501137225,325,82,[5 3 4 8 5 6 5]
0.0007581501137225,326,101,[4 7 5 6 6 7 4]
0.0007581501137225,327,15,[7 5 4 4 3 5 6]
0.0007581501137225,328,328,[4 8 5 7 5 2 6]
0.0007581501137225,329,15,[6 5 5 4 4 5 5]
0.0007581501137225,330,81,[7 5 4 5 9 5 4]
0.0007581501137225,331,331,[8 5 4 5 3 6 6]
0.0007581501137225,332,195,[4 7 5 6 5 7 3]
0.0007581501137225,333,0,[4 5 5 4 5 4 8]
0.0007581501137225,334,334,[4 5 5 4 4 6 3]
0.0007581501137225,335,335,[4 5 5 5 5 7 4]
0.0007581501137225,336,336,[8 5 5 4 5 5 4]
0.0007581501137225,337,9,[5 3 5 8 5 6 5]
0.0007581501137225,338,338,[4 5 5 4 5 4 3]
0.0007581501137225,339,48,[6 6 5 5 9 4 4]
0.0007581501137225,340,0,[3 5 5 4 4 6 6]
0.0007581501137225,341,0,[4 5 5 5 6 5 5]
0.0007581501137225,342,321,[4 3 5 8 5 6 5]
0.0007581501137225,343,0,[4 5 5 5 5 6 6]
0.0007581501137225,344,344,[4 3 5 6 4 4 5]
0.0007581501137225,345,345,[5 5 5 5 5 6 4]
0.0007581501137225,346,15,[7 5 4 4 5 4 4]
0.0007581501137225,347,9,[5 3 5 7 4 5 6]
0.0007581501137225,348,348,[7 5 5 4 5 4 5]
0.0007581501137225,349,349,[4 5 5 5 5 4 6]
0.0007581501137225,350,328,[4 8 5 7 4 2 6]
0.0007581501137225,351,351,[7 5 4 5 5 6 5]
0.0007581501137225,352,82,[5 3 4 8 6 5 5]
0.0007581501137225,353,353,[7 5 4 5 4 5 4]
0.0007581501137225,354,9,[4 3 5 7 5 6 6]
0.0007581501137225,355,48,[6 5 5 5 9 4 3]
0.0007581501137225,356,356,[7 5 5 5 5 6 4]
0.0007581501137225,357,101,[4 7 5 6 4 6 4]
0.0007581501137225,358,15,[7 5 5 5 4 5 7]
0.0007581501137225,359,359,[5 9 5 7 5 4 5]
0.0007581501137225,360,15,[6 5 5 4 4 4 5]
0.0007581501137225,361,361,[5 4 5 6 1 5 3]
0.0007581501137225,362,362,[4 7 5 6 5 8 6]
0.0007581501137225,363,0,[5 5 5 4 6 3 5]
0.0007581501137225,364,43,[4 6 5 5 4 7 3]
0.0007581501137225,365,365,[7 5 9 6 4 5 3]
0.0007581501137225,366,15,[7 5 5 5 3 6 5]
0.0007581501137225,367,101,[4 7 5 6 5 5 3]
0.0007581501137225,368,0,[4 5 6 4 5 6 5]
0.0007581501137225,369,369,[5 4 5 6 5 6 6]
0.0007581501137225,370,48,[6 5 5 6 9 4 5]
0.0007581501137225,371,371,[4 9 5 8 5 1 7]
0.0007581501137225,372,372,[5 4 5 6 5 5 5]
0.0007581501137225,373,15,[8 5 5 5 4 5 4]
0.0007581501137225,374,9,[5 3 5 7 4 4 4]
0.0007581501137225,375,21,[7 5 5 6 5 5 4]
0.0007581501137225,376,43,[4 6 5 4 5 8 4]
0.0007581501137225,377,377,[5 5 5 4 6 6 3]
0.0007581501137225,378,15,[7 5 5 5 2 5 5]
0.0007581501137225,379,43,[4 6 5 5 4 6 4]
0.0007581501137225,380,0,[4 5 5 4 6 7 8]
0.0007581501137225,381,9,[4 3 5 7 5 5 6]
0.0007581501137225,382,15,[7 5 5 5 4 6 4]
0.0003790750568613,383,383,[4 3 5 8 3 5 4]
0.0003790750568613,384,384,[5 7 5 6 4 2 5]
0.0003790750568613,385,385,[5 4 5 4 4 5 6]
0.0003790750568613,386,0,[4 6 5 4 4 5 4]
0.0003790750568613,387,43,[4 6 5 4 6 7 5]
0.0003790750568613,388,388,[5 5 5 5 5 6 2]
0.0003790750568613,389,48,[6 5 5 4 8 4 4]
0.0003790750568613,390,390,[4 3 5 7 4 6 4]
0.0003790750568613,391,0,[4 5 5 4 5 7 3]
0.0003790750568613,392,392,[4 4 5 7 4 5 4]
0.0003790750568613,393,9,[5 4 5 7 4 6 5]
0.0003790750568613,394,394,[5 5 6 5 7 3 1]
0.0003790750568613,395,395,[5 5 5 5 9 3 6]
0.0003790750568613,396,396,[5 5 5 4 5 6 3]
0.0003790750568613,397,397,[4 7 5 6 4 7 6]
0.0003790750568613,398,398,[4 5 6 4 6 4 7]
0.0003790750568613,399,0,[5 5 5 5 6 5 6]
0.0003790750568613,400,0,[4 5 5 4 4 3 3]
0.0003790750568613,401,81,[6 5 5 5 9 5 4]
0.0003790750568613,402,15,[7 5 5 4 6 4 3]
0.0003790750568613,403,403,[4 2 5 8 4 5 4]
0.0003790750568613,404,404,[6 6 5 6 5 5 6]
0.0003790750568613,405,49,[4 8 5 7 5 3 5]
0.0003790750568613,406,406,[5 9 4 8 4 3 6]
0.0003790750568613,407,407,[7 5 4 5 2 5 6]
0.0003790750568613,408,0,[5 4 5 4 6 4 3]
0.0003790750568613,409,409,[5 4 5 5 5 4 5]
0.0003790750568613,410,410,[7 5 5 5 1 6 4]
0.0003790750568613,411,411,[4 8 5 6 5 3 3]
0.0003790750568613,412,412,[4 8 5 7 5 5 4]
0.0003790750568613,413,9,[4 3 5 6 5 5 4]
0.0003790750568613,414,388,[5 6 5 5 5 6 2]
0.0003790750568613,415,415,[3 3 5 7 4 4 5]
0.0003790750568613,416,43,[5 7 5 5 5 8 3]
0.0003790750568613,417,43,[4 6 5 5 4 8 4]
0.0003790750568613,418,0,[4 5 5 3 5 6 6]
0.0003790750568613,419,419,[5 3 5 7 5 7 3]
0.0003790750568613,420,224,[4 9 5 8 5 3 4]
0.0003790750568613,421,80,[7 5 4 5 7 6 4]
0.0003790750568613,422,0,[4 4 5 4 4 5 6]
0.0003790750568613,423,423,[4 5 5 5 5 4 7]
0.0003790750568613,424,424,[5 7 5 6 5 5 4]
0.0003790750568613,425,425,[5 8 5 6 5 3 5]
0.0003790750568613,426,43,[5 6 5 5 5 5 4]
0.0003790750568613,427,427,[5 3 5 9 6 6 7]
0.0003790750568613,428,428,[5 9 5 7 5 2 6]
0.0003790750568613,429,429,[4 8 5 7 5 2 4]
0.0003790750568613,430,288,[5 7 5 6 5 6 1]
0.0003790750568613,431,431,[7 7 5 6 3 4 7]
0.0003790750568613,432,58,[6 5 5 5 2 5 4]
0.0003790750568613,433,15,[7 5 5 4 2 5 7]
0.0003790750568613,434,0,[3 5 5 4 5 7 5]
0.0003790750568613,435,435,[6 5 5 6 2 4 3]
0.0003790750568613,436,436,[5 3 4 9 5 5 7]
0.0003790750568613,437,81,[6 5 5 5 9 6 4]
0.0003790750568613,438,438,[7 5 5 4 4 6 8]
0.0003790750568613,439,439,[4 8 5 7 4 4 7]
0.0003790750568613,440,440,[4 8 5 6 5 4 7]
0.0003790750568613,441,242,[4 2 5 7 5 4 6]
0.0003790750568613,442,442,[5 5 5 5 5 7 3]
0.0003790750568613,443,49,[4 8 5 7 5 3 4]
0.0003790750568613,444,80,[7 5 5 5 6 5 3]
0.0003790750568613,445,43,[4 6 5 4 6 8 5]
0.0003790750568613,446,446,[4 9 5 7 4 3 8]
0.0003790750568613,447,447,[5 5 5 5 7 6 5]
0.0003790750568613,448,448,[4 7 5 5 5 9 3]
0.0003790750568613,449,43,[4 5 5 5 5 8 4]
0.0003790750568613,450,43,[5 6 5 5 5 8 5]
0.0003790750568613,451,0,[4 5 6 4 5 5 4]
0.0003790750568613,452,452,[7 5 5 5 7 5 6]
0.0003790750568613,453,453,[4 5 5 4 7 7 9]
0.0003790750568613,454,183,[4 7 5 6 6 7 3]
0.0003790750568613,455,455,[6 5 7 5 9 4 5]
0.0003790750568613,456,456,[7 5 9 7 7 6 9]
0.0003790750568613,457,457,[7 5 5 5 3 5 8]
0.0003790750568613,458,458,[6 5 5 4 3 5 5]
0.0003790750568613,459,459,[4 5 6 7 2 4 6]
0.0003790750568613,460,15,[7 5 5 4 7 4 3]
0.0003790750568613,461,9,[5 3 5 8 4 6 7]
0.0003790750568613,462,462,[5 4 4 7 5 4 4]
0.0003790750568613,463,0,[4 4 5 5 5 5 6]
0.0003790750568613,464,464,[7 5 9 6 4 4 5]
0.0003790750568613,465,465,[4 9 5 7 4 1 5]
0.0003790750568613,466,95,[7 6 5 5 5 6 6]
0.0003790750568613,467,467,[4 8 5 7 5 6 6]
0.0003790750568613,468,468,[6 5 9 8 7 3 5]
0.0003790750568613,469,469,[3 3 5 8 3 5 5]
0.0003790750568613,470,80,[7 5 5 6 7 5 3]
0.0003790750568613,471,9,[5 4 5 7 5 6 4]
0.0003790750568613,472,225,[5 4 5 7 2 5 2]
0.0003790750568613,473,473,[4 7 5 5 3 5 6]
0.0003790750568613,474,474,[5 7 5 6 4 3 3]
0.0003790750568613,475,475,[7 5 5 4 6 5 2]
0.0003790750568613,476,15,[7 5 4 4 5 6 6]
0.0003790750568613,477,477,[7 5 5 5 9 4 5]
0.0003790750568613,478,291,[4 7 5 6 4 5 3]
0.0003790750568613,479,479,[5 8 4 7 6 5 5]
0.0003790750568613,480,48,[6 5 5 5 9 3 4]
0.0003790750568613,481,9,[4 3 4 7 5 5 6]
0.0003790750568613,482,482,[4 5 5 5 5 7 3]
0.0003790750568613,483,483,[4 3 5 8 6 5 6]
0.0003790750568613,484,484,[5 5 5 5 6 7 9]
0.0003790750568613,485,82,[5 3 4 8 6 5 6]
0.0003790750568613,486,486,[7 5 4 5 7 7 6]
0.0003790750568613,487,487,[4 8 5 7 4 6 5]
0.0003790750568613,488,345,[6 5 5 5 5 6 4]
0.0003790750568613,489,489,[6 5 5 6 1 5 2]
0.0003790750568613,490,81,[7 5 5 5 9 4 4]
0.0003790750568613,491,491,[5 5 5 5 7 7 6]
0.0003790750568613,492,492,[5 8 5 6 4 4 6]
0.0003790750568613,493,372,[5 4 4 6 5 5 5]
0.0003790750568613,494,494,[7 6 5 5 7 6 6]
0.0003790750568613,495,495,[5 6 5 6 5 7 6]
0.0003790750568613,496,496,[4 5 6 6 2 2 4]
0.0003790750568613,497,497,[4 3 5 7 3 4 4]
0.0003790750568613,498,498,[4 8 5 6 5 3 6]
0.0003790750568613,499,499,[4 9 5 7 4 2 4]
0.0003790750568613,500,500,[4 6 5 8 5 6 4]
0.0003790750568613,501,58,[6 5 5 5 2 6 4]
0.0003790750568613,502,502,[7 5 4 6 9 4 5]
0.0003790750568613,503,0,[4 5 5 5 6 5 8]
0.0003790750568613,504,504,[5 8 5 7 6 2 6]
0.0003790750568613,505,242,[4 2 5 7 5 4 5]
0.0003790750568613,506,43,[5 6 5 4 6 7 5]
0.0003790750568613,507,20,[5 4 5 4 4 3 4]
0.0003790750568613,508,21,[7 6 5 5 5 6 5]
0.0003790750568613,509,509,[5 6 5 6 6 7 2]
0.0003790750568613,510,510,[7 6 5 5 3 5 7]
0.0003790750568613,511,0,[4 5 5 4 4 3 5]
0.0003790750568613,512,512,[6 5 5 6 4 5 4]
0.0003790750568613,513,9,[5 2 5 8 5 6 6]
0.0003790750568613,514,49,[4 8 5 7 4 4 6]
0.0003790750568613,515,9,[5 3 5 7 6 4 4]
0.0003790750568613,516,516,[4 9 5 7 4 2 7]
0.0003790750568613,517,225,[5 4 5 7 1 5 3]
0.0003790750568613,518,9,[5 3 5 7 4 6 4]
0.0003790750568613,519,519,[7 5 5 4 5 6 9]
0.0003790750568613,520,0,[5 5 5 4 4 3 3]
0.0003790750568613,521,521,[4 5 6 4 5 4 4]
0.0003790750568613,522,49,[4 8 5 7 4 4 5]
0.0003790750568613,523,523,[7 5 5 4 6 5 4]
0.0003790750568613,524,0,[3 5 5 4 4 6 7]
0.0003790750568613,525,525,[4 4 6 4 4 5 5]
0.0003790750568613,526,195,[4 8 5 6 5 7 3]
0.0003790750568613,527,9,[5 3 5 8 4 5 5]
0.0003790750568613,528,528,[3 6 5 4 4 7 3]
0.0003790750568613,529,0,[4 5 5 5 5 6 8]
0.0003790750568613,530,0,[5 5 5 4 6 4 3]
0.0003790750568613,531,531,[5 9 4 8 5 1 9]
0.0003790750568613,532,155,[6 5 5 4 3 3 6]
0.0003790750568613,533,0,[4 5 5 5 6 6 8]
0.0003790750568613,534,9,[5 3 4 7 6 5 6]
0.0003790750568613,535,80,[8 5 5 5 6 5 4]
0.0003790750568613,536,384,[5 7 5 6 4 2 6]
0.0003790750568613,537,537,[4 6 5 5 4 6 3]
0.0003790750568613,538,538,[4 6 5 5 6 7 6]
0.0003790750568613,539,48,[6 5 5 5 7 6 5]
0.0003790750568613,540,540,[4 7 5 8 3 3 5]
0.0003790750568613,541,0,[5 5 5 5 6 6 6]
0.0003790750568613,542,542,[4 6 7 5 5 8 4]
0.0003790750568613,543,48,[5 5 5 5 8 4 4]
0.0003790750568613,544,15,[7 5 4 5 3 5 5]
0.0003790750568613,545,545,[7 6 5 5 2 6 6]
0.0003790750568613,546,0,[5 5 5 5 5 7 6]
0.0003790750568613,547,15,[7 5 5 5 3 5 7]
0.0003790750568613,548,43,[4 7 5 5 6 9 4]
0.0003790750568613,549,549,[4 6 5 6 4 5 6]
0.0003790750568613,550,0,[3 5 5 4 5 4 6]
0.0003790750568613,551,113,[7 5 5 4 4 6 7]
0.0003790750568613,552,82,[5 3 4 8 5 4 5]
0.0003790750568613,553,0,[5 5 5 4 5 6 6]
0.0003790750568613,554,554,[6 4 5 6 2 4 2]
0.0003790750568613,555,555,[4 6 5 6 5 6 7]
0.0003790750568613,556,361,[5 4 5 6 1 4 3]
0.0003790750568613,557,0,[4 5 5 4 4 5 7]
0.0003790750568613,558,558,[5 3 5 8 4 5 6]
0.0003790750568613,559,49,[4 8 4 7 5 4 5]
0.0003790750568613,560,80,[7 5 5 5 6 4 3]
0.0003790750568613,561,561,[8 5 4 5 4 5 7]
0.0003790750568613,562,0,[4 5 5 4 4 3 6]
0.0003790750568613,563,0,[4 4 5 4 5 5 7]
0.0003790750568613,564,564,[7 6 5 5 4 5 6]
0.0003790750568613,565,565,[6 5 7 6 9 4 4]
0.0003790750568613,566,9,[5 3 5 7 6 5 7]
0.0003790750568613,567,567,[7 5 9 7 4 6 6]
0.0003790750568613,568,321,[4 3 5 8 4 6 6]
0.0003790750568613,569,569,[7 6 5 6 9 3 3]
0.0003790750568613,570,570,[4 8 4 8 4 3 7]
0.0003790750568613,571,43,[4 6 5 5 6 8 5]
0.0003790750568613,572,572,[7 5 4 5 3 7 6]
0.0003790750568613,573,9,[5 3 5 6 5 5 4]
0.0003790750568613,574,9,[5 3 5 7 4 6 7]
0.0003790750568613,575,575,[6 5 5 4 5 4 2]
0.0003790750568613,576,576,[7 5 5 6 5 5 6]
0.0003790750568613,577,577,[6 5 5 6 7 5 2]
0.0003790750568613,578,578,[5 5 5 4 4 4 2]
0.0003790750568613,579,579,[4 9 5 7 4 1 8]
0.0003790750568613,580,580,[5 6 5 6 4 8 5]
0.0003790750568613,581,581,[5 8 4 7 6 4 7]
0.0003790750568613,582,9,[5 3 5 7 5 4 6]
0.0003790750568613,583,9,[5 4 5 7 5 6 6]
0.0003790750568613,584,9,[5 3 4 7 4 5 4]
0.0003790750568613,585,0,[4 5 6 4 6 5 6]
0.0003790750568613,586,15,[7 5 5 4 5 5 7]
0.0003790750568613,587,237,[5 4 5 6 4 5 4]
0.0003790750568613,588,588,[5 3 5 7 6 7 5]
0.0003790750568613,589,589,[4 7 5 6 4 3 5]
0.0003790750568613,590,590,[5 8 5 7 4 3 5]
0.0003790750568613,591,591,[4 5 5 5 4 6 5]
0.0003790750568613,592,592,[3 5 5 4 3 7 5]
0.0003790750568613,593,15,[7 5 5 5 2 5 6]
0.0003790750568613,594,101,[4 7 5 6 4 7 4]
0.0003790750568613,595,345,[5 5 5 5 6 6 4]
0.0003790750568613,596,192,[4 7 5 6 4 4 4]
0.0003790750568613,597,597,[7 6 5 5 4 5 8]
0.0003790750568613,598,320,[8 5 5 4 4 6 5]
0.0003790750568613,599,599,[6 6 5 5 4 5 5]
0.0003790750568613,600,21,[8 5 5 5 6 4 5]
0.0003790750568613,601,48,[6 5 5 6 9 4 3]
0.0003790750568613,602,602,[6 4 4 7 6 5 4]
0.0003790750568613,603,48,[6 5 5 5 8 3 5]
0.0003790750568613,604,604,[3 4 5 4 4 5 4]
0.0003790750568613,605,58,[7 5 5 5 3 6 4]
0.0003790750568613,606,80,[7 5 5 6 7 4 4]
0.0003790750568613,607,21,[7 5 5 5 6 5 6]
0.0003790750568613,608,608,[4 5 5 5 6 8 6]
0.0003790750568613,609,609,[5 7 5 6 5 5 5]
0.0003790750568613,610,610,[4 9 5 7 6 3 8]
0.0003790750568613,611,15,[7 5 5 4 2 5 5]
0.0003790750568613,612,612,[4 8 5 7 5 6 3]
0.0003790750568613,613,613,[4 8 5 6 5 5 5]
0.0003790750568613,614,614,[4 7 5 6 5 4 4]
0.0003790750568613,615,615,[3 5 5 5 4 6 4]
0.0003790750568613,616,616,[4 5 5 6 5 7 5]
0.0003790750568613,617,0,[4 5 5 5 5 5 5]
0.0003790750568613,618,618,[8 6 7 5 4 6 5]
0.0003790750568613,619,619,[7 6 5 5 8 6 4]
0.0003790750568613,620,620,[4 6 5 5 4 4 3]
0.0003790750568613,621,0,[4 4 5 4 6 4 6]
0.0003790750568613,622,622,[4 7 5 6 4 5 7]
0.0003790750568613,623,623,[5 6 5 4 5 4 2]
0.0003790750568613,624,624,[3 6 5 5 5 9 9]
0.0003790750568613,625,625,[4 6 5 6 5 5 4]
0.0003790750568613,626,43,[4 6 5 5 4 7 2]
0.0003790750568613,627,0,[5 5 5 3 6 5 5]
0.0003790750568613,628,628,[4 5 6 4 4 4 5]
0.0003790750568613,629,629,[4 7 5 6 4 6 5]
0.0003790750568613,630,9,[5 3 5 8 6 6 6]
0.0003790750568613,631,84,[4 6 5 5 4 5 3]
0.0003790750568613,632,0,[4 5 6 4 5 5 7]
0.0003790750568613,633,43,[4 6 5 5 6 7 3]
0.0003790750568613,634,377,[5 5 5 5 6 6 3]
0.0003790750568613,635,0,[4 5 5 3 5 4 7]
0.0003790750568613,636,0,[4 5 6 4 5 4 5]
0.0003790750568613,637,637,[4 3 5 8 5 4 6]
0.0003790750568613,638,15,[7 5 4 4 4 4 4]
0.0003790750568613,639,15,[7 5 4 5 3 6 6]
0.0003790750568613,640,0,[5 5 5 4 4 7 5]
0.0003790750568613,641,641,[5 7 5 6 5 8 5]
0.0003790750568613,642,642,[5 8 5 7 5 2 5]
0.0003790750568613,643,15,[8 5 5 4 5 6 6]
0.0003790750568613,644,644,[5 3 4 8 5 4 8]
0.0003790750568613,645,645,[3 2 5 8 3 5 3]
0.0003790750568613,646,288,[4 7 5 6 5 6 1]
0.0003790750568613,647,647,[5 4 5 5 5 4 4]
0.0003790750568613,648,648,[3 8 5 7 4 3 5]
0.0003790750568613,649,0,[4 4 5 3 5 3 5]
0.0003790750568613,650,0,[5 4 5 4 4 4 3]
0.0003790750568613,651,651,[4 5 5 5 6 4 3]
0.0003790750568613,652,652,[7 5 5 6 2 5 3]
0.0003790750568613,653,131,[4 9 5 7 4 3 7]
0.0003790750568613,654,224,[4 9 5 7 5 3 4]
0.0003790750568613,655,655,[7 5 4 3 3 4 6]
0.0003790750568613,656,656,[4 3 4 7 6 6 6]
0.0003790750568613,657,657,[5 3 5 7 6 4 5]
0.0003790750568613,658,9,[5 3 5 7 4 6 6]
0.0003790750568613,659,619,[7 6 5 5 8 6 5]
0.0003790750568613,660,660,[5 3 4 7 5 5 3]
0.0003790750568613,661,661,[5 6 5 5 8 4 5]
0.0003790750568613,662,662,[4 6 5 5 4 6 5]
0.0003790750568613,663,663,[4 9 5 7 5 4 5]
0.0003790750568613,664,21,[6 5 5 5 5 5 6]
0.0003790750568613,665,665,[5 3 4 8 5 7 7]
0.0003790750568613,666,666,[4 6 5 5 5 7 1]
0.0003790750568613,667,9,[5 3 5 8 4 5 4]
0.0003790750568613,668,134,[7 6 5 5 4 6 7]
0.0003790750568613,669,669,[8 5 4 4 6 4 3]
0.0003790750568613,670,15,[6 5 5 5 3 5 6]
0.0003790750568613,671,101,[4 7 5 6 5 6 5]
0.0003790750568613,672,672,[6 4 5 7 4 5 3]
0.0003790750568613,673,673,[6 5 5 6 7 5 5]
0.0003790750568613,674,674,[7 4 5 5 4 4 4]
0.0003790750568613,675,675,[7 5 4 4 2 5 6]
0.0003790750568613,676,676,[8 5 5 5 6 5 7]
0.0003790750568613,677,15,[6 5 5 4 3 4 4]
0.0003790750568613,678,678,[4 5 6 4 5 5 5]
0.0003790750568613,679,679,[7 5 5 6 2 6 6]
0.0003790750568613,680,680,[7 5 4 4 5 5 4]
0.0003790750568613,681,681,[7 5 4 5 5 6 4]
0.0003790750568613,682,682,[5 3 4 7 4 5 5]
0.0003790750568613,683,80,[6 5 5 5 7 5 3]
0.0003790750568613,684,684,[7 5 5 4 5 6 4]
0.0003790750568613,685,9,[5 3 4 7 5 4 4]
0.0003790750568613,686,686,[6 5 4 6 7 5 4]
0.0003790750568613,687,457,[7 5 5 5 3 5 9]
0.0003790750568613,688,0,[4 5 5 5 6 6 4]
0.0003790750568613,689,689,[4 7 5 5 5 9 5]
0.0003790750568613,690,9,[5 3 5 8 6 6 7]
0.0003790750568613,691,691,[5 4 5 4 6 5 5]
0.0003790750568613,692,43,[4 7 5 5 4 7 4]
0.0003790750568613,693,396,[5 6 5 4 5 6 3]
0.0003790750568613,694,694,[7 5 5 5 8 5 2]
0.0003790750568613,695,695,[5 8 5 7 5 4 7]
0.0003790750568613,696,43,[4 6 5 4 4 7 3]
0.0003790750568613,697,407,[7 5 4 5 2 6 6]
0.0003790750568613,698,9,[5 3 5 7 5 6 7]
0.0003790750568613,699,43,[4 6 5 6 5 9 4]
0.0003790750568613,700,700,[5 4 5 6 5 4 6]
0.0003790750568613,701,0,[4 5 5 3 6 4 6]
0.0003790750568613,702,9,[5 3 5 7 6 4 6]
0.0003790750568613,703,84,[4 5 5 5 5 6 3]
0.0003790750568613,704,15,[7 5 5 4 4 6 5]
0.0003790750568613,705,537,[4 6 5 5 4 6 2]
0.0003790750568613,706,15,[8 5 4 4 4 5 6]
0.0003790750568613,707,288,[5 7 5 6 5 7 3]
0.0003790750568613,708,84,[5 6 5 5 4 5 3]
0.0003790750568613,709,709,[5 2 4 9 5 6 5]
0.0003790750568613,710,710,[5 8 5 7 4 2 4]
0.0003790750568613,711,15,[7 5 6 5 4 5 4]
0.0003790750568613,712,712,[3 6 6 6 4 8 6]
0.0003790750568613,713,713,[8 5 5 4 7 5 4]
0.0003790750568613,714,714,[7 5 5 5 5 4 6]
0.0003790750568613,715,715,[4 4 5 7 1 5 5]
0.0003790750568613,716,43,[3 6 5 5 5 8 5]
0.0003790750568613,717,0,[5 5 5 4 4 5 4]
0.0003790750568613,718,43,[4 6 5 4 6 8 6]
0.0003790750568613,719,0,[5 4 5 4 5 3 5]
0.0003790750568613,720,48,[6 5 6 5 8 4 3]
0.0003790750568613,721,0,[4 5 5 5 6 6 7]
0.0003790750568613,722,610,[4 9 5 7 6 3 7]
0.0003790750568613,723,0,[5 5 5 4 4 3 5]
0.0003790750568613,724,724,[5 7 5 5 7 6 4]
0.0003790750568613,725,725,[5 5 5 4 7 6 6]
0.0003790750568613,726,15,[8 5 4 4 4 5 5]
0.0003790750568613,727,0,[4 5 6 4 5 4 6]
0.0003790750568613,728,0,[4 5 5 4 5 8 5]
0.0003790750568613,729,729,[7 6 5 5 4 5 7]
0.0003790750568613,730,80,[7 5 5 5 7 4 4]
0.0003790750568613,731,731,[5 9 4 7 5 4 6]
0.0003790750568613,732,0,[3 4 5 4 4 4 4]
0.0003790750568613,733,537,[4 6 5 6 4 6 3]
0.0003790750568613,734,734,[5 6 9 6 4 5 2]
0.0003790750568613,735,735,[4 7 5 6 4 4 6]
0.0003790750568613,736,0,[4 5 5 4 6 3 6]
0.0003790750568613,737,737,[4 6 5 5 5 6 6]
0.0003790750568613,738,160,[4 8 5 7 4 3 7]
0.0003790750568613,739,15,[7 5 4 4 5 4 5]
0.0003790750568613,740,740,[4 7 5 6 5 8 4]
0.0003790750568613,741,21,[7 5 5 6 5 5 5]
0.0003790750568613,742,742,[5 7 5 6 5 6 5]
0.0003790750568613,743,465,[4 9 5 7 4 2 5]
0.0003790750568613,744,744,[4 9 5 7 5 5 5]
0.0003790750568613,745,745,[7 5 5 6 4 5 5]
0.0003790750568613,746,746,[4 8 5 7 6 2 9]
0.0003790750568613,747,95,[7 5 5 5 6 6 6]
0.0003790750568613,748,610,[4 9 5 7 6 4 8]
0.0003790750568613,749,345,[5 5 5 5 5 6 3]
0.0003790750568613,750,750,[3 5 5 4 3 4 3]
0.0003790750568613,751,15,[7 5 4 4 4 5 7]
0.0003790750568613,752,20,[6 4 5 4 5 3 3]
0.0003790750568613,753,753,[7 5 5 4 6 4 6]
0.0003790750568613,754,754,[6 5 5 5 7 3 4]
0.0003790750568613,755,487,[4 8 5 7 4 5 5]
0.0003790750568613,756,404,[7 6 5 6 5 5 6]
0.0003790750568613,757,15,[7 5 5 5 4 7 5]
0.0003790750568613,758,758,[4 6 5 4 5 5 4]
0.0003790750568613,759,9,[5 4 5 6 6 4 5]
0.0003790750568613,760,760,[5 9 5 8 6 2 6]
0.0003790750568613,761,43,[4 6 5 6 5 7 3]
0.0003790750568613,762,762,[4 4 5 7 3 7 4]
0.0003790750568613,763,9,[5 4 5 6 6 4 4]
0.0003790750568613,764,81,[7 5 5 6 9 5 4]
0.0003790750568613,765,224,[4 9 5 7 5 2 5]
0.0003790750568613,766,766,[8 5 5 4 4 5 2]
0.0003790750568613,767,15,[8 5 5 4 3 6 6]
0.0003790750568613,768,768,[4 5 6 6 3 3 7]
0.0003790750568613,769,769,[7 5 4 5 5 5 7]
0.0003790750568613,770,58,[7 5 5 4 3 5 4]
0.0003790750568613,771,771,[4 4 5 6 4 5 5]
0.0003790750568613,772,772,[5 5 5 4 6 6 4]
0.0003790750568613,773,0,[4 5 5 5 6 5 7]
0.0003790750568613,774,774,[6 5 5 6 1 6 4]
0.0003790750568613,775,0,[4 4 5 4 6 5 6]
0.0003790750568613,776,0,[5 5 5 4 4 5 7]
0.0003790750568613,777,777,[7 5 4 4 3 4 7]
0.0003790750568613,778,9,[5 3 5 9 5 6 6]
0.0003790750568613,779,779,[7 6 5 5 9 5 5]
0.0003790750568613,780,0,[4 4 5 4 5 6 6]
0.0003790750568613,781,452,[7 5 5 5 7 6 6]
0.0003790750568613,782,9,[5 3 5 6 4 4 3]
0.0003790750568613,783,15,[7 5 5 4 2 6 5]
0.0003790750568613,784,0,[5 6 5 4 5 6 7]
0.0003790750568613,785,785,[5 7 5 6 6 6 4]
0.0003790750568613,786,365,[7 5 9 5 4 5 3]
0.0003790750568613,787,787,[4 6 5 4 4 5 5]
0.0003790750568613,788,788,[4 6 6 5 4 9 7]
0.0003790750568613,789,0,[4 5 6 5 5 4 5]
0.0003790750568613,790,790,[6 6 8 6 9 4 3]
0.0003790750568613,791,361,[5 4 5 6 1 4 2]
0.0003790750568613,792,15,[7 5 6 5 3 6 5]
0.0003790750568613,793,0,[4 4 6 4 4 4 4]
0.0003790750568613,794,794,[6 5 5 6 6 5 3]
0.0003790750568613,795,795,[5 5 5 4 5 4 1]
0.0003790750568613,796,160,[4 8 5 7 5 2 7]
0.0003790750568613,797,15,[7 5 5 6 4 5 6]
0.0003790750568613,798,0,[5 5 5 4 6 5 8]
0.0003790750568613,799,0,[4 5 5 5 6 7 8]
0.0003790750568613,800,800,[8 6 5 4 5 5 6]
0.0003790750568613,801,801,[5 3 4 7 6 6 5]
0.0003790750568613,802,465,[4 9 5 7 4 1 6]
0.0003790750568613,803,131,[4 9 5 7 4 3 5]
0.0003790750568613,804,804,[5 8 5 6 3 3 4]
0.0003790750568613,805,9,[5 4 5 7 4 7 5]
0.0003790750568613,806,806,[5 6 5 5 9 5 4]
0.0003790750568613,807,807,[5 5 5 6 1 5 4]
0.0003790750568613,808,134,[7 5 4 5 4 6 7]
0.0003790750568613,809,0,[4 4 5 4 5 3 7]
0.0003790750568613,810,9,[5 4 5 7 5 5 5]
0.0003790750568613,811,811,[4 6 5 5 7 7 9]
0.0003790750568613,812,812,[7 5 9 6 3 7 4]
0.0003790750568613,813,813,[5 9 5 8 5 5 6]
0.0003790750568613,814,814,[8 6 5 4 4 6 7]
0.0003790750568613,815,815,[7 5 5 4 6 6 5]
0.0003790750568613,816,816,[5 4 5 6 5 6 5]
0.0003790750568613,817,0,[4 4 5 4 4 4 6]
0.0003790750568613,818,15,[7 5 4 5 4 6 6]
0.0003790750568613,819,819,[4 5 5 5 5 3 2]
0.0003790750568613,820,49,[4 8 5 7 4 3 5]
0.0003790750568613,821,821,[6 4 4 6 5 5 4]
0.0003790750568613,822,822,[5 5 5 4 6 8 6]
0.0003790750568613,823,823,[5 5 6 4 6 5 6]
0.0003790750568613,824,0,[4 5 5 4 5 2 5]
0.0003790750568613,825,825,[4 9 4 8 6 3 7]
0.0003790750568613,826,0,[4 5 5 5 6 6 9]
0.0003790750568613,827,43,[4 6 5 5 5 9 3]
0.0003790750568613,828,9,[5 3 5 8 5 5 4]
0.0003790750568613,829,0,[4 5 5 4 5 3 6]
0.0003790750568613,830,830,[7 5 9 8 7 5 9]
0.0003790750568613,831,831,[6 5 5 5 9 4 6]
0.0003790750568613,832,832,[7 5 4 5 4 5 6]
0.0003790750568613,833,192,[4 8 5 6 4 5 4]
0.0003790750568613,834,834,[7 5 5 5 2 6 3]
0.0003790750568613,835,835,[7 5 4 6 5 5 6]
0.0003790750568613,836,113,[6 5 5 4 4 6 7]
0.0003790750568613,837,100,[4 5 6 4 5 7 6]
0.0003790750568613,838,838,[5 4 5 6 6 5 4]
0.0003790750568613,839,15,[7 5 4 4 5 5 6]
0.0003790750568613,840,134,[7 5 5 5 4 7 7]
0.0003790750568613,841,841,[8 5 5 5 3 7 7]
0.0003790750568613,842,9,[4 3 5 7 6 5 4]
0.0003790750568613,843,427,[5 3 5 9 6 6 8]
0.0003790750568613,844,15,[8 5 5 4 4 4 4]
0.0003790750568613,845,0,[4 5 5 4 5 5 3]
0.0003790750568613,846,846,[7 5 4 5 1 5 3]
0.0003790750568613,847,847,[5 8 4 7 5 1 4]
0.0003790750568613,848,848,[6 5 5 4 3 4 5]
0.0003790750568613,849,849,[4 8 5 8 4 3 6]
0.0003790750568613,850,769,[7 5 4 5 5 5 8]
0.0003790750568613,851,0,[4 5 5 4 5 7 8]
0.0003790750568613,852,9,[5 3 5 7 7 5 5]
0.0003790750568613,853,9,[5 3 5 7 5 4 3]
0.0003790750568613,854,397,[4 7 5 6 4 6 6]
0.0003790750568613,855,855,[4 6 5 5 4 5 4]
0.0003790750568613,856,43,[4 6 5 4 4 8 3]
0.0003790750568613,857,857,[5 5 5 4 8 6 9]
0.0003790750568613,858,858,[3 6 5 4 4 8 5]
0.0003790750568613,859,859,[3 6 5 5 5 8 4]
0.0003790750568613,860,353,[7 5 4 5 4 5 3]
0.0003790750568613,861,861,[4 6 5 5 5 5 4]
0.0003790750568613,862,862,[6 5 5 5 9 5 7]
0.0003790750568613,863,863,[5 4 5 6 5 5 6]
0.0003790750568613,864,864,[5 4 9 7 3 8 4]
0.0003790750568613,865,865,[3 8 5 7 3 5 9]
0.0003790750568613,866,866,[6 6 5 5 7 5 5]
0.0003790750568613,867,867,[5 4 5 6 6 5 3]
0.0003790750568613,868,868,[6 5 5 4 4 5 7]
0.0003790750568613,869,0,[3 4 5 4 4 3 5]
0.0003790750568613,870,9,[5 3 5 7 4 5 3]
0.0003790750568613,871,0,[4 5 5 4 6 4 7]
0.0003790750568613,872,872,[4 5 5 4 4 8 4]
0.0003790750568613,873,43,[4 6 5 5 5 8 2]
0.0003790750568613,874,874,[6 4 5 7 6 4 4]
0.0003790750568613,875,0,[5 5 5 4 5 4 3]
0.0003790750568613,876,876,[7 5 9 6 5 5 4]
0.0003790750568613,877,0,[4 5 5 4 6 8 6]
0.0003790750568613,878,224,[4 9 5 8 4 2 5]
0.0003790750568613,879,95,[8 6 5 5 5 6 6]
0.0003790750568613,880,286,[6 5 5 6 2 5 3]
0.0003790750568613,881,195,[4 7 5 6 5 8 2]
0.0003790750568613,882,882,[5 9 4 7 4 4 3]
0.0003790750568613,883,883,[5 4 5 6 4 6 6]
0.0003790750568613,884,884,[5 4 5 5 5 5 4]
0.0003790750568613,885,681,[7 5 4 5 5 7 4]
0.0003790750568613,886,95,[7 5 4 5 5 6 7]
0.0003790750568613,887,353,[8 5 4 5 4 5 4]
0.0003790750568613,888,9,[5 3 4 7 4 4 4]
0.0003790750568613,889,15,[7 5 5 4 5 3 4]
0.0003790750568613,890,356,[7 5 5 6 5 6 4]
0.0003790750568613,891,891,[4 9 5 8 3 4 7]
0.0003790750568613,892,291,[4 6 5 6 4 5 3]
0.0003790750568613,893,893,[5 2 5 9 5 5 6]
0.0003790750568613,894,894,[3 5 6 5 4 6 6]
0.0003790750568613,895,0,[4 4 5 3 5 4 5]
0.0003790750568613,896,896,[8 5 4 4 3 6 4]
0.0003790750568613,897,323,[5 8 5 7 5 4 3]
0.0003790750568613,898,898,[3 6 5 6 4 4 5]
0.0003790750568613,899,899,[5 5 5 4 6 4 7]
0.0003790750568613,900,48,[6 5 5 6 9 5 4]
0.0003790750568613,901,0,[4 4 5 4 6 4 5]
0.0003790750568613,902,902,[7 5 4 5 4 7 6]
0.0003790750568613,903,0,[5 5 5 4 7 4 3]
0.0003790750568613,904,0,[3 5 5 4 5 5 6]
0.0003790750568613,905,905,[4 4 5 7 1 4 2]
0.0003790750568613,906,714,[7 5 5 5 5 4 7]
0.0003790750568613,907,82,[5 3 4 8 4 5 5]
0.0003790750568613,908,908,[4 9 4 8 5 3 6]
0.0003790750568613,909,909,[4 7 5 6 5 4 2]
0.0003790750568613,910,910,[5 4 5 6 6 5 6]
0.0003790750568613,911,43,[5 5 5 5 5 8 4]
0.0003790750568613,912,912,[5 5 5 4 5 3 6]
0.0003790750568613,913,913,[7 5 5 5 2 7 6]
0.0003790750568613,914,0,[4 5 5 4 6 3 5]
0.0003790750568613,915,915,[4 5 5 5 4 5 5]
0.0003790750568613,916,916,[6 4 5 5 4 4 5]
0.0003790750568613,917,15,[7 5 5 6 4 6 6]
0.0003790750568613,918,918,[5 7 4 7 5 4 7]
0.0003790750568613,919,291,[4 7 5 6 4 5 2]
0.0003790750568613,920,43,[4 7 5 5 5 9 4]
0.0003790750568613,921,921,[6 5 5 5 4 5 3]
0.0003790750568613,922,922,[4 7 5 7 6 5 3]
0.0003790750568613,923,43,[5 6 5 5 4 7 2]
0.0003790750568613,924,9,[5 4 5 7 5 4 5]
0.0003790750568613,925,15,[7 5 5 4 4 4 7]
0.0003790750568613,926,926,[6 6 5 5 8 4 5]
0.0003790750568613,927,927,[5 7 5 7 5 5 6]
0.0003790750568613,928,43,[4 6 5 6 5 9 3]
0.0003790750568613,929,929,[4 6 5 5 6 9 8]
0.0003790750568613,930,43,[4 6 5 5 6 9 3]
0.0003790750568613,931,931,[8 6 5 5 5 4 5]
0.0003790750568613,932,43,[4 6 5 5 5 7 6]
0.0003790750568613,933,933,[5 8 5 7 4 6 4]
0.0003790750568613,934,0,[4 5 5 5 6 5 6]
0.0003790750568613,935,935,[8 6 5 5 5 6 8]
0.0003790750568613,936,936,[4 9 5 7 4 3 3]
0.0003790750568613,937,9,[4 3 5 9 5 6 6]
0.0003790750568613,938,134,[7 5 5 5 4 6 8]
0.0003790750568613,939,43,[5 5 5 4 5 8 4]
0.0003790750568613,940,940,[3 5 6 5 4 5 4]
0.0003790750568613,941,43,[4 6 5 5 6 6 4]
0.0003790750568613,942,942,[5 8 5 6 6 4 4]
0.0003790750568613,943,943,[5 3 5 6 6 4 3]
0.0003790750568613,944,944,[3 7 5 6 4 5 5]
0.0003790750568613,945,323,[5 9 5 7 5 4 4]
0.0003790750568613,946,946,[4 3 5 9 4 5 5]
0.0003790750568613,947,554,[5 4 5 6 2 4 2]
0.0003790750568613,948,948,[7 6 6 5 2 5 6]
0.0003790750568613,949,949,[7 6 5 6 9 5 6]
0.0003790750568613,950,950,[5 4 5 7 5 4 7]
0.0003790750568613,951,936,[4 8 5 7 4 3 3]
0.0003790750568613,952,952,[7 5 4 5 1 7 5]
0.0003790750568613,953,43,[4 7 5 6 5 9 4]
0.0003790750568613,954,954,[4 3 4 7 4 6 6]
0.0003790750568613,955,955,[8 5 4 5 5 6 6]
0.0003790750568613,956,956,[7 5 9 7 5 5 5]
0.0003790750568613,957,957,[4 4 5 6 5 6 4]
0.0003790750568613,958,958,[7 5 5 4 5 4 6]
0.0003790750568613,959,58,[7 5 5 5 2 5 4]
0.0003790750568613,960,960,[4 9 5 7 3 3 4]
0.0003790750568613,961,192,[4 8 5 6 5 4 4]
0.0003790750568613,962,15,[7 5 5 5 3 4 5]
0.0003790750568613,963,963,[6 5 5 6 5 5 4]
0.0003790750568613,964,964,[4 6 5 5 7 8 7]
0.0003790750568613,965,9,[5 2 4 7 5 4 5]
0.0003790750568613,966,9,[4 3 5 7 4 5 6]
0.0003790750568613,967,0,[4 4 5 4 4 5 4]
0.0003790750568613,968,131,[4 9 5 7 4 4 6]
0.0003790750568613,969,15,[7 6 5 4 3 6 5]
0.0003790750568613,970,0,[4 5 5 4 4 3 7]
0.0003790750568613,971,9,[5 3 4 7 5 5 4]
0.0003790750568613,972,48,[6 6 5 5 8 5 5]
0.0003790750568613,973,0,[6 5 5 4 5 4 4]
0.0003790750568613,974,80,[7 5 5 5 6 6 3]
0.0003790750568613,975,975,[4 6 5 5 6 4 4]
0.0003790750568613,976,101,[5 7 5 6 5 6 4]
0.0003790750568613,977,0,[5 5 5 5 6 5 8]
0.0003790750568613,978,48,[5 5 5 5 9 3 4]
0.0003790750568613,979,192,[4 8 5 7 4 4 4]
0.0003790750568613,980,980,[3 5 5 5 4 5 6]
0.0003790750568613,981,981,[5 5 5 4 6 7 6]
0.0003790750568613,982,982,[5 4 5 5 6 4 4]
0.0003790750568613,983,412,[4 8 5 7 6 5 4]
0.0003790750568613,984,984,[4 4 5 4 4 2 6]
0.0003790750568613,985,985,[5 2 4 9 6 5 6]
0.0003790750568613,986,986,[4 9 5 8 3 2 6]
0.0003790750568613,987,987,[3 4 5 6 4 5 6]
0.0003790750568613,988,988,[5 6 5 5 4 9 2]
0.0003790750568613,989,989,[5 8 5 6 5 5 2]
0.0003790750568613,990,242,[4 3 5 6 5 4 6]
0.0003790750568613,991,991,[4 6 5 5 6 7 5]
0.0003790750568613,992,992,[4 8 5 7 6 5 9]
0.0003790750568613,993,82,[5 3 4 8 5 5 7]
0.0003790750568613,994,43,[4 5 5 5 4 7 2]
0.0003790750568613,995,995,[5 5 5 8 1 7 8]
0.0003790750568613,996,43,[5 6 5 6 5 8 3]
0.0003790750568613,997,0,[4 5 5 4 5 2 4]
0.0003790750568613,998,0,[4 5 5 5 5 7 7]
0.0003790750568613,999,999,[6 5 5 5 9 4 5]
0.0003790750568613,1000,0,[6 4 5 4 5 4 3]
0.0003790750568613,1001,1001,[4 8 5 7 5 4 8]
0.0003790750568613,1002,160,[5 8 5 7 5 2 7]
0.0003790750568613,1003,1003,[5 5 5 5 8 4 6]
0.0003790750568613,1004,9,[4 3 5 7 5 4 5]
0.0003790750568613,1005,1005,[6 5 5 5 7 6 4]
0.0003790750568613,1006,896,[8 5 4 4 3 6 5]
0.0003790750568613,1007,1007,[4 6 6 5 5 8 6]
0.0003790750568613,1008,1008,[5 6 5 5 4 5 6]
0.0003790750568613,1009,48,[6 5 4 5 8 5 6]
0.0003790750568613,1010,15,[7 5 4 4 4 6 5]
0.0003790750568613,1011,43,[4 6 5 6 5 8 4]
0.0003790750568613,1012,1012,[4 8 5 7 6 5 5]
0.0003790750568613,1013,0,[5 5 5 4 7 6 7]
0.0003790750568613,1014,439,[4 8 5 7 4 5 7]
0.0003790750568613,1015,9,[5 4 5 7 6 6 6]
0.0003790750568613,1016,1016,[4 3 5 8 4 4 5]
0.0003790750568613,1017,0,[4 4 5 5 5 4 6]
0.0003790750568613,1018,84,[5 6 5 5 5 5 3]
0.0003790750568613,1019,21,[7 5 5 5 5 4 5]
0.0003790750568613,1020,1020,[4 9 5 7 5 6 5]
0.0003790750568613,1021,1021,[4 9 5 7 3 5 6]
0.0003790750568613,1022,288,[5 6 5 6 5 6 3]
0.0003790750568613,1023,538,[4 6 5 6 6 7 6]
0.0003790750568613,1024,1024,[4 5 5 4 6 6 4]
0.0003790750568613,1025,48,[6 5 5 6 8 6 4]
0.0003790750568613,1026,1026,[7 6 5 5 9 6 6]
0.0003790750568613,1027,9,[6 4 5 6 5 4 4]
0.0003790750568613,1028,1028,[5 4 5 5 4 4 5]
0.0003790750568613,1029,1029,[7 6 4 6 8 6 7]
0.0003790750568613,1030,295,[4 6 5 5 4 4 4]
0.0003790750568613,1031,21,[7 5 5 5 5 5 3]
0.0003790750568613,1032,9,[5 3 5 7 6 6 7]
0.0003790750568613,1033,0,[4 5 5 4 5 6 9]
0.0003790750568613,1034,1034,[4 5 6 5 4 5 7]
0.0003790750568613,1035,1035,[4 9 5 7 4 2 9]
0.0003790750568613,1036,48,[6 6 5 6 9 4 4]
0.0003790750568613,1037,15,[8 5 5 4 4 5 6]
0.0003790750568613,1038,1038,[4 5 6 5 4 6 4]
0.0003790750568613,1039,1039,[5 8 5 7 4 5 4]
0.0003790750568613,1040,740,[4 8 5 6 5 8 4]
0.0003790750568613,1041,377,[5 6 5 5 6 6 3]
0.0003790750568613,1042,861,[4 6 5 5 6 5 4]
0.0003790750568613,1043,15,[8 5 5 5 4 6 4]
0.0003790750568613,1044,608,[4 5 5 5 6 8 7]
0.0003790750568613,1045,1045,[4 5 5 4 4 4 3]
0.0003790750568613,1046,1046,[4 6 5 5 5 5 5]
0.0003790750568613,1047,15,[7 5 5 5 4 4 4]
0.0003790750568613,1048,43,[4 6 5 4 4 7 4]
0.0003790750568613,1049,628,[3 5 6 4 4 4 5]
0.0003790750568613,1050,474,[5 7 5 6 5 3 3]
0.0003790750568613,1051,489,[6 5 5 6 1 5 3]
0.0003790750568613,1052,1052,[6 3 4 7 5 4 3]
0.0003790750568613,1053,15,[8 5 4 5 4 6 6]
0.0003790750568613,1054,21,[7 5 5 5 7 6 5]
0.0003790750568613,1055,43,[5 6 5 5 4 7 5]
0.0003790750568613,1056,9,[5 3 5 6 4 5 5]
0.0003790750568613,1057,1057,[7 5 5 6 6 7 5]
0.0003790750568613,1058,48,[7 5 5 6 9 4 4]
0.0003790750568613,1059,694,[7 5 4 5 8 5 2]
0.0003790750568613,1060,362,[4 7 5 6 5 7 6]
0.0003790750568613,1061,9,[5 3 4 7 6 4 5]
0.0003790750568613,1062,1062,[3 5 5 5 5 8 7]
0.0003790750568613,1063,1063,[5 5 5 5 6 8 8]
0.0003790750568613,1064,15,[7 5 4 4 4 5 4]
0.0003790750568613,1065,9,[5 3 5 7 3 5 5]
0.0003790750568613,1066,1066,[3 5 5 5 4 6 5]
0.0003790750568613,1067,0,[6 4 5 4 4 4 4]
0.0003790750568613,1068,1068,[6 6 5 5 7 4 6]
0.0003790750568613,1069,136,[5 3 4 8 6 6 5]
0.0003790750568613,1070,49,[4 8 4 7 4 4 6]
0.0003790750568613,1071,1071,[5 5 5 6 9 6 6]
0.0003790750568613,1072,9,[5 3 4 7 5 6 6]
0.0003790750568613,1073,1073,[6 5 5 5 7 4 4]
0.0003790750568613,1074,1074,[5 5 5 4 5 7 6]
0.0003790750568613,1075,9,[5 3 4 6 5 4 4]
0.0003790750568613,1076,1076,[5 4 5 7 3 5 4]
0.0003790750568613,1077,49,[4 9 5 7 5 4 6]
0.0003790750568613,1078,1078,[6 5 4 4 7 4 4]
0.0003790750568613,1079,1079,[5 8 5 7 6 4 5]
0.0003790750568613,1080,1080,[6 5 5 5 7 4 3]
0.0003790750568613,1081,9,[5 3 5 8 4 4 5]
0.0003790750568613,1082,1082,[5 3 4 7 6 5 5]
0.0003790750568613,1083,1083,[8 5 5 5 6 7 7]
0.0003790750568613,1084,15,[8 5 5 4 5 5 5]
0.0003790750568613,1085,1085,[5 4 5 7 6 5 6]
0.0003790750568613,1086,1086,[5 8 5 7 7 6 9]
0.0003790750568613,1087,43,[4 6 5 4 4 7 5]
0.0003790750568613,1088,95,[7 5 5 5 5 7 6]
0.0003790750568613,1089,0,[5 5 5 5 5 5 3]
0.0003790750568613,1090,9,[4 3 4 7 5 6 5]
0.0003790750568613,1091,1091,[8 6 5 5 6 6 7]
0.0003790750568613,1092,9,[5 4 5 7 5 4 4]
0.0003790750568613,1093,467,[4 8 5 7 5 6 5]
0.0003790750568613,1094,1094,[5 5 6 5 3 4 4]
0.0003790750568613,1095,590,[5 8 5 7 4 3 4]
0.0003790750568613,1096,425,[5 7 5 6 5 3 5]
0.0003790750568613,1097,1097,[5 5 5 6 1 6 5]
0.0003790750568613,1098,1098,[4 4 6 5 3 3 5]
0.0003790750568613,1099,0,[5 5 5 4 5 7 4]
0.0003790750568613,1100,1100,[7 5 9 6 9 5 5]
0.0003790750568613,1101,1101,[7 5 4 5 7 5 5]
0.0003790750568613,1102,288,[5 7 5 5 5 6 2]
0.0003790750568613,1103,1103,[7 5 5 4 6 6 8]
0.0003790750568613,1104,168,[7 5 5 5 7 4 5]
0.0003790750568613,1105,80,[7 6 5 5 8 5 4]
0.0003790750568613,1106,43,[4 6 5 5 4 9 4]
0.0003790750568613,1107,1107,[4 7 5 6 6 4 4]
0.0003790750568613,1108,1108,[5 7 5 5 5 6 3]
0.0003790750568613,1109,0,[4 6 5 5 6 5 6]
0.0003790750568613,1110,876,[7 5 9 6 5 4 4]
0.0003790750568613,1111,155,[6 5 5 5 3 4 6]
0.0003790750568613,1112,1112,[6 5 5 6 1 5 5]
0.0003790750568613,1113,866,[7 6 5 5 7 5 5]
0.0003790750568613,1114,1114,[7 5 4 5 6 6 5]
0.0003790750568613,1115,9,[4 4 5 7 6 6 6]
0.0003790750568613,1116,131,[4 9 5 7 5 3 5]
0.0003790750568613,1117,1117,[5 4 5 6 2 6 3]
0.0003790750568613,1118,1118,[7 6 5 5 4 6 5]
0.0003790750568613,1119,80,[7 5 5 5 7 5 5]
0.0003790750568613,1120,0,[4 4 6 4 5 4 4]
0.0003790750568613,1121,331,[8 5 4 6 3 6 6]
0.0003790750568613,1122,15,[8 5 5 5 3 5 5]
0.0003790750568613,1123,1123,[4 7 5 5 5 6 2]
0.0003790750568613,1124,0,[5 4 5 4 5 5 3]
0.0003790750568613,1125,1125,[5 8 5 7 4 1 7]
0.0003790750568613,1126,81,[7 5 5 5 9 5 5]
0.0003790750568613,1127,226,[5 5 5 5 6 7 6]
0.0003790750568613,1128,1128,[4 8 5 7 6 3 6]
0.0003790750568613,1129,1129,[4 3 5 7 5 6 4]
0.0003790750568613,1130,579,[4 9 5 8 4 1 8]
0.0003790750568613,1131,1131,[6 5 4 5 8 5 5]
0.0003790750568613,1132,1132,[5 3 5 7 4 6 5]
0.0003790750568613,1133,9,[5 3 4 7 6 6 7]
0.0003790750568613,1134,1134,[7 5 5 5 3 4 6]
0.0003790750568613,1135,15,[6 5 5 4 2 5 6]
0.0003790750568613,1136,1101,[7 6 4 5 7 5 5]
0.0003790750568613,1137,1137,[4 4 5 5 5 4 4]
0.0003790750568613,1138,0,[5 5 5 5 4 5 5]
0.0003790750568613,1139,1139,[4 3 5 7 6 5 5]
0.0003790750568613,1140,361,[5 4 5 6 1 4 4]
0.0003790750568613,1141,1141,[7 5 4 4 4 4 6]
0.0003790750568613,1142,1142,[4 3 5 8 7 6 7]
0.0003790750568613,1143,1143,[5 5 5 8 2 4 6]
0.0003790750568613,1144,1144,[7 5 5 5 2 7 4]
0.0003790750568613,1145,1145,[4 4 5 7 5 5 5]
